feature,mean_abs_shap
VSL_um_per_s,0.11798720268144647
VCL_um_per_s,0.07990224077383541
VAP_um_per_s,0.05250792978966916
LIN_%,0.03743801480850798
BCF_Hz,0.032167223499722994
STR_%,0.027783223593823694
ALH_um,0.013514075947413173
