feature,contribution
ALH_um,-0.002551183646303356
VCL_um_per_s,-0.0003950171712705567
VAP_um_per_s,0.00032630910312749607
STR_%,-0.000273510443176572
BCF_Hz,-0.00010766754137235745
VSL_um_per_s,-6.616407351534935e-05
