feature,contribution
ALH_um,-0.0015932747474394617
BCF_Hz,-0.0008563259623000008
VAP_um_per_s,0.0005467705653762617
VSL_um_per_s,-0.0003284302520813071
VCL_um_per_s,0.00026456699838205995
LIN_%,0.0001875054346870904
