feature,contribution
ALH_um,-0.00235810440068904
VSL_um_per_s,-0.0005702477021242278
VCL_um_per_s,-0.0003482472013643294
LIN_%,0.00027281289346122665
VAP_um_per_s,9.97705621256505e-05
BCF_Hz,-9.797777218454039e-05
